model,MAE_GBP,RMSE_GBP,R2,CV_MAE_GBP
Baseline: mean predictor,10844.444444444445,13581.27988057254,-2.049795665204357e-06,11452.17804655156
Linear regression,4600.1677192812385,5928.1314360167235,0.8094736094394602,4393.737425637285
Ridge regression (α=1.0),4609.460102902808,5943.787846506459,0.8084659062655251,4392.801626086924
Random Forest,6588.36116430349,8172.810577483385,0.6378717895057724,6378.365286382274
